{
    "test_pose": {
      "position": [844.2, -231.6, 257.2],
      "orientation": [1.58733, -1.55087, -0.90978]
    }
}
