{
  "c": {"pose": [5.745740957578225, 4.941205581706473, 6.718501376859118, 0.5389601004702702, 0.725716336645669, 1.131492449818552]},
  "evaled_c1": {"pose": [5.745740957578225, 4.941205581706473, 6.718501376859118, 0.5389601004702702, 0.725716336645669, 1.131492449818552]},
  "evaled_c2": {"pose": [5.745740957578225, 4.941205581706473, 6.718501376859118, 0.5389601004702702, 0.725716336645669, 1.131492449818552]},
  "evaled_c3": {"pose": [5.745740957578225, 4.941205581706473, 6.718501376859118, 0.5389601004702702, 0.725716336645669, 1.131492449818552]}
}