{
  "a": {"pose": [4, 5, 6, 1, 2, 3]},
  "c": {"pose": [7, 8, 9, 0, 0, 0]},
  "d": {"pose": [5.6473597504902955, 9.624402020153106, 19.03461206973455, -0.679251908362714, -1.358503816725428, -2.037755725088142]},
  "a_x": 4,
  "a_rz": 3,
  "a_rx": 1,
  "c_y": 8,
  "a_new_y": {"pose": [4, 0, 6, 1, 2, 3]},
  "c_new_z": {"pose": [7, 8, 7, 0, 0, 0]},
  "c_new_y": {"pose": [7, 42, 9, 0, 0, 0]}
}
