{
  "a": {
    "position": [4.0, 5.0, 6.0],
    "orientation": [1.0, 2.0, 3.0]
  },
  "c": {
    "position": [7, 8, 9],
    "orientation": [0, 0, 0]
  },
  "d": {
    "position": [5.6473597504902955, 9.624402020153106, 19.03461206973455],
    "orientation": [-0.679251908362714, -1.358503816725428, -2.037755725088142]
  },
  "a_x": 4,
  "a_rz": 3,
  "a_rx": 1,
  "c_y": 8,
  "a_new_y": {
    "position": [4, 0, 6],
    "orientation": [1, 2, 3]
  },
  "c_new_z": {
    "position": [7, 8, 7],
    "orientation": [0, 0, 0]
  },
  "c_new_y": {
    "position": [7, 42, 9],
    "orientation": [0, 0, 0]
  }
}
