{
  "a": {"pose": [4, 5, 6, 1, 2, 3]},
  "c": {"position": [7, 8, 9]},
  "d": {"position": [5.6473597504902955, 9.624402020153106, 19.03461206973455]},
  "a_x": 4,
  "a_rz": 3,
  "a_rx": 1,
  "c_y": 8,
  "a_new_y": {"pose": [4, 0, 6, 1, 2, 3]},
  "c_new_z": {"position": [7, 8, 7]},
  "c_new_y": {"position": [7, 42, 9]}
}
