{
    "a":  {"pose": [-9.740621021943213, -937.3787294954955, 708.3570595673218, 0.5421576375196315, -1.6798292661302159, 0.6131627960355546]},
    "pose_canvas_to_robot":  {"pose": [32.6, -1032.9, 612.3, 1.018, 1.152, 1.389]}
}